1,签到成功,20240821103530
1,签到成功,20240821103936
1,签退成功,20240821104015
1,签退成功,20240821104017
1,签到成功,20240821104547
2,签到成功,20240821105134
2,签退成功,20240821105137
2,签到成功,20240821105237
2,签到成功,20240821105734
2,签退成功,20240821105738
2,签到成功,20240821105926
2,签退成功,20240821105933
2,签到成功,20240821110020
2,签退成功,20240821110023
2,签到成功,20240821110036
2,签退成功,20240821110042
1,签到成功,20240821114328
1,签退成功,20240821114341
1,签到成功,20240821114403
1,签退成功,20240821114408
2,签到成功,20240821114741
2,签退成功,20240821114750
2,签到成功,20240821114913
2,签退成功,20240821114920
2,签到成功,20240821115018
2,签退成功,20240821115058
2,签到成功,20240821115117
2,签到成功,20240821115224
2,签到成功,20240821115415
2,签到成功,20240821115453
2,签退成功,20240821115454
1,签到成功,20240821115517
1,签到成功,20240821115518
1,签退成功,20240821115521
3,签到成功,20240821141047
3,签退成功,20240821141105
3,签到成功,20240821141135
3,签退成功,20240821141139
3,签到成功,20240821141204
3,签退成功,20240821141207
2,签到成功,20240821150705
2,签到成功,20240821150814
2,签退成功,20240821150820
2,签到成功,20240821151316
2,签到成功,20240821151412
2,签到成功,20240821153942
2,签退成功,20240821153943
2,签到成功,20240821154003
2,签退成功,20240821154006
2,签到成功,20240821154915
2,签退成功,20240821154923
2,签到成功,20240821155036
2,签到成功,20240821155040
2,签退成功,20240821155044
3,签到成功,20240821155119
3,签退成功,20240821155123
3,签到成功,20240821155138
3,签退成功,20240821155143
3,签退成功,20240821155146
3,签到成功,20240821155149
2,签到成功,20240821155802
2,签退成功,20240821155804
2,签到成功,20240821155808
2,签到成功,20240821155815
2,签退成功,20240821155826
2,签到成功,20240821163910
2,签退成功,20240821163911
2,签到成功,20240821163916
